t_ms,frames,rms_in,gain
116.109,512,0.000000,1.0000
126.803,512,0.000000,1.0000
137.434,512,0.000000,1.0000
148.119,512,0.015444,1.0000
158.790,512,0.016015,1.0000
169.452,512,0.019708,1.0000
180.142,512,0.023796,1.0000
190.831,512,0.011115,1.0000
201.463,512,0.026626,1.0000
212.199,512,0.007552,1.0000
222.803,512,0.019370,1.0000
233.518,512,0.035948,1.0000
244.135,512,0.010448,1.0000
254.816,512,0.027230,1.0000
265.466,512,0.032597,1.0000
276.137,512,0.014219,1.0000
286.821,512,0.023056,1.0000
297.493,512,0.010215,1.0000
308.139,512,0.009491,1.0000
318.800,512,0.008960,1.0000
329.507,512,0.010363,1.0000
340.120,512,0.014989,1.0000
350.849,512,0.015173,1.0000
361.583,512,0.016115,1.0000
372.221,512,0.015889,1.0000
382.794,512,0.017448,1.0000
393.520,512,0.015763,1.0000
404.199,512,0.015707,1.0000
414.819,512,0.012146,1.0000
425.500,512,0.012978,1.0000
436.217,512,0.010295,1.0000
446.824,512,0.011660,1.0000
457.467,512,0.009678,1.0000
468.144,512,0.010723,1.0000
478.821,512,0.009358,1.0000
489.456,512,0.008999,1.0000
500.099,512,0.008667,1.0000
510.871,512,0.008495,1.0000
521.524,512,0.010476,1.0000
532.188,512,0.008687,1.0000
542.838,512,0.012607,1.0000
553.446,512,0.024058,1.0000
564.165,512,0.074446,1.0000
574.801,512,0.043121,1.0000
585.463,512,0.051928,1.0000
596.143,512,0.052842,1.0000
606.778,512,0.053464,1.0000
617.434,512,0.046826,1.0000
628.114,512,0.043194,1.0000
638.756,512,0.048566,1.0000
649.428,512,0.029662,1.0000
660.105,512,0.035667,1.0000
670.785,512,0.033600,1.0000
681.454,512,0.031067,1.0000
692.108,512,0.041842,1.0000
702.763,512,0.016694,1.0000
713.456,512,0.041573,1.0000
724.085,512,0.021390,1.0000
734.824,512,0.024814,1.0000
745.437,512,0.027670,1.0000
756.140,512,0.021280,1.0000
766.793,512,0.021015,1.0000
777.437,512,0.023143,1.0000
788.104,512,0.018649,1.0000
798.811,512,0.021979,1.0000
809.454,512,0.017467,1.0000
820.097,512,0.018922,1.0000
830.834,512,0.015420,1.0000
841.479,512,0.014129,1.0000
852.100,512,0.014038,1.0000
862.765,512,0.010982,1.0000
873.519,512,0.012635,1.0000
884.112,512,0.012698,1.0000
894.800,512,0.010874,1.0000
905.438,512,0.011763,1.0000
916.109,512,0.010127,1.0000
926.789,512,0.009876,1.0000
937.429,512,0.010190,1.0000
948.104,512,0.008348,1.0000
958.761,512,0.010363,1.0000
969.421,512,0.008338,1.0000
980.120,512,0.011486,1.0000
990.862,512,0.008919,1.0000
1001.423,512,0.013451,1.0000
1012.162,512,0.010187,1.0000
1022.780,512,0.013794,1.0000
1033.450,512,0.013718,1.0000
1044.121,512,0.016013,1.0000
1054.768,512,0.014074,1.0000
1065.424,512,0.014121,1.0000
1076.094,512,0.013135,1.0000
1086.760,512,0.011917,1.0000
1097.513,512,0.013251,1.0000
1108.169,512,0.012529,1.0000
1118.768,512,0.011673,1.0000
1129.445,512,0.010039,1.0000
1140.098,512,0.011420,1.0000
1150.752,512,0.008404,1.0000
1161.415,512,0.011786,1.0000
1172.098,512,0.007493,1.0000
1182.763,512,0.011370,1.0000
1193.423,512,0.010952,1.0000
1204.100,512,0.017081,1.0000
1214.786,512,0.015669,1.0000
1225.515,512,0.018418,1.0000
1236.158,512,0.016478,1.0000
1246.803,512,0.015258,1.0000
1257.464,512,0.015217,1.0000
1268.087,512,0.013347,1.0000
1278.796,512,0.016275,1.0000
1289.413,512,0.010783,1.0000
1300.107,512,0.012597,1.0000
1310.752,512,0.010420,1.0000
1321.433,512,0.013317,1.0000
1332.093,512,0.009990,1.0000
1342.757,512,0.012650,1.0000
1353.417,512,0.010114,1.0000
1364.083,512,0.009578,1.0000
1374.746,512,0.007731,1.0000
1385.412,512,0.008785,1.0000
1396.079,512,0.007555,1.0000
1406.758,512,0.008641,1.0000
1417.413,512,0.007333,1.0000
1428.074,512,0.008895,1.0000
1438.740,512,0.009348,1.0000
1449.434,512,0.009040,1.0000
1460.084,512,0.009163,1.0000
1470.769,512,0.009036,1.0000
1481.420,512,0.009564,1.0000
1492.112,512,0.007839,1.0000
1502.751,512,0.008946,1.0000
1513.442,512,0.006588,1.0000
1524.077,512,0.007822,1.0000
1534.737,512,0.007026,1.0000
1545.402,512,0.006776,1.0000
1556.068,512,0.007280,1.0000
1566.814,512,0.007657,1.0000
1577.438,512,0.007868,1.0000
1588.072,512,0.006973,1.0000
1598.813,512,0.005461,1.0000
1609.454,512,0.004458,1.0000
1620.101,512,0.005331,1.0000
1630.739,512,0.030813,1.0000
1641.407,512,0.018541,1.0000
1652.091,512,0.020293,1.0000
1662.732,512,0.026019,1.0000
1673.410,512,0.031543,1.0000
1684.148,512,0.025379,1.0000
1694.729,512,0.028855,1.0000
1705.414,512,0.030746,1.0000
1716.069,512,0.023256,1.0000
1726.738,512,0.030451,1.0000
1737.434,512,0.032051,1.0000
1748.128,512,0.027921,1.0000
1758.773,512,0.031525,1.0000
1769.414,512,0.023341,1.0000
1780.078,512,0.030791,1.0000
1790.750,512,0.027022,1.0000
1801.486,512,0.023153,1.0000
1812.078,512,0.025424,1.0000
1822.740,512,0.030036,1.0000
1833.402,512,0.018313,1.0000
1844.075,512,0.022706,1.0000
1854.739,512,0.016298,1.0000
1865.452,512,0.012054,1.0000
1876.072,512,0.018188,1.0000
1886.726,512,0.010981,1.0000
1897.410,512,0.017550,1.0000
1908.073,512,0.010440,1.0000
1918.732,512,0.009963,1.0000
1929.400,512,0.013470,1.0000
1940.089,512,0.015446,1.0000
1950.730,512,0.010142,1.0000
1961.484,512,0.010375,1.0000
1972.061,512,0.010561,1.0000
1982.735,512,0.022967,1.0000
1993.411,512,0.065158,1.0000
2004.076,512,0.084155,1.0000
2014.736,512,0.072987,1.0000
2025.391,512,0.062213,1.0000
2036.064,512,0.039324,1.0000
2046.750,512,0.015333,1.0000
2057.397,512,0.016266,1.0000
2068.122,512,0.016341,1.0000
2078.768,512,0.016544,1.0000
2089.400,512,0.015290,1.0000
2100.069,512,0.014615,1.0000
2110.718,512,0.015347,1.0000
2121.445,512,0.020311,1.0000
2132.078,512,0.030511,1.0000
2142.776,512,0.040565,1.0000
2153.408,512,0.073887,1.0000
2164.078,512,0.081708,1.0000
2174.705,512,0.069744,1.0000
2185.384,512,0.057338,1.0000
2196.079,512,0.030404,1.0000
2206.729,512,0.022485,1.0000
2217.376,512,0.010537,1.0000
2228.132,512,0.022993,1.0000
2238.788,512,0.017405,1.0000
2249.396,512,0.021399,1.0000
2260.090,512,0.017867,1.0000
2270.718,512,0.023831,1.0000
2281.514,512,0.032139,1.0000
2292.094,512,0.016704,1.0000
2302.727,512,0.020549,1.0000
2313.435,512,0.034244,1.0000
2324.060,512,0.081199,1.0000
2334.725,512,0.097709,1.0000
2345.392,512,0.109645,1.0000
2356.070,512,0.119755,1.0000
2366.712,512,0.107690,1.0000
2377.445,512,0.104933,1.0000
2388.091,512,0.101557,1.0000
2398.713,512,0.109142,1.0000
2409.382,512,0.110892,1.0000
2420.056,512,0.102212,1.0000
2430.785,512,0.096520,1.0000
2441.390,512,0.098663,1.0000
2452.053,512,0.096886,1.0000
2462.797,512,0.096262,1.0000
2473.398,512,0.099577,1.0000
2484.048,512,0.087008,1.0000
2494.717,512,0.086296,1.0000
2505.409,512,0.078873,1.0000
2516.052,512,0.085814,1.0000
2526.726,512,0.078844,1.0000
2537.398,512,0.084192,1.0000
2548.092,512,0.087664,1.0000
2558.726,512,0.085622,1.0000
2569.392,512,0.081673,1.0000
2580.081,512,0.086088,1.0000
2590.679,512,0.077955,1.0000
2601.371,512,0.077797,1.0000
2612.067,512,0.064589,1.0000
2622.732,512,0.056026,1.0000
2633.393,512,0.052483,1.0000
2644.082,512,0.055315,1.0000
2654.740,512,0.035095,1.0000
2665.465,512,0.040878,1.0000
2676.079,512,0.036521,1.0000
2686.747,512,0.016818,1.0000
2697.432,512,0.018348,1.0000
2708.118,512,0.036838,1.0000
2718.737,512,0.016515,1.0000
2729.449,512,0.013943,1.0000
2740.068,512,0.022621,1.0000
2750.752,512,0.027290,1.0000
2761.413,512,0.026818,1.0000
2772.203,512,0.029676,1.0000
2782.738,512,0.024823,1.0000
2793.396,512,0.021746,1.0000
2804.064,512,0.017254,1.0000
2814.728,512,0.025233,1.0000
2825.382,512,0.023581,1.0000
2836.061,512,0.025538,1.0000
2846.719,512,0.024019,1.0000
2857.390,512,0.024601,1.0000
2868.074,512,0.026857,1.0000
2878.707,512,0.024113,1.0000
2889.398,512,0.026920,1.0000
2900.052,512,0.023488,1.0000
2910.727,512,0.021181,1.0000
2921.427,512,0.020815,1.0000
2932.030,512,0.019781,1.0000
2942.736,512,0.019582,1.0000
2953.401,512,0.018539,1.0000
2964.071,512,0.021581,1.0000
2974.742,512,0.016953,1.0000
2985.403,512,0.078706,1.0000
2996.083,512,0.104689,1.0000
3006.754,512,0.115462,1.0000
3017.416,512,0.120069,1.0000
3028.076,512,0.096876,1.0000
3038.713,512,0.047588,1.0000
3049.400,512,0.038093,1.0000
3060.068,512,0.031281,1.0000
3070.715,512,0.023355,1.0000
3081.395,512,0.054983,1.0000
3092.074,512,0.081406,1.0000
3102.714,512,0.064996,1.0000
3113.390,512,0.052090,1.0000
3124.130,512,0.021651,1.0000
3134.712,512,0.012062,1.0000
3145.384,512,0.013795,1.0000
3156.034,512,0.010275,1.0000
3166.726,512,0.012276,1.0000
3177.375,512,0.009044,1.0000
3188.071,512,0.012639,1.0000
3198.786,512,0.015339,1.0000
3209.394,512,0.080808,1.0000
3220.056,512,0.100526,1.0000
3230.718,512,0.107589,1.0000
3241.413,512,0.098519,1.0000
3252.088,512,0.090490,1.0000
3262.748,512,0.080510,1.0000
3273.389,512,0.051193,1.0000
3284.064,512,0.042991,1.0000
3294.716,512,0.025174,1.0000
3305.396,512,0.024666,1.0000
3316.087,512,0.034088,1.0000
3326.731,512,0.024363,1.0000
3337.380,512,0.041784,1.0000
3348.079,512,0.061564,1.0000
3358.738,512,0.074149,1.0000
3369.384,512,0.059157,1.0000
3380.086,512,0.038235,1.0000
3390.675,512,0.016432,1.0000
3401.369,512,0.028341,1.0000
3412.085,512,0.024995,1.0000
3422.757,512,0.028789,1.0000
3433.383,512,0.027038,1.0000
3444.088,512,0.024466,1.0000
3454.705,512,0.021991,1.0000
3465.441,512,0.021473,1.0000
3476.057,512,0.021600,1.0000
3486.722,512,0.095347,1.0000
3497.400,512,0.094483,1.0000
3508.103,512,0.093580,1.0000
3518.733,512,0.091573,1.0000
3529.397,512,0.074611,1.0000
3540.029,512,0.062447,1.0000
3550.782,512,0.056753,1.0000
3561.479,512,0.040691,1.0000
3572.067,512,0.038814,1.0000
3582.723,512,0.044374,1.0000
3593.420,512,0.036275,1.0000
3604.065,512,0.045457,1.0000
3614.719,512,0.036917,1.0000
3625.365,512,0.039911,1.0000
3636.106,512,0.041077,1.0000
3646.743,512,0.037275,1.0000
3657.346,512,0.048603,1.0000
3668.094,512,0.036925,1.0000
3678.766,512,0.047797,1.0000
3689.358,512,0.036744,1.0000
3700.049,512,0.042049,1.0000
3710.676,512,0.039279,1.0000
3721.412,512,0.037661,1.0000
3732.085,512,0.039602,1.0000
3742.723,512,0.033907,1.0000
3753.369,512,0.036000,1.0000
3764.035,512,0.030884,1.0000
3774.709,512,0.032263,1.0000
3785.367,512,0.027595,1.0000
3796.014,512,0.035595,1.0000
3806.692,512,0.028896,1.0000
3817.371,512,0.023671,1.0000
3828.026,512,0.024602,1.0000
3838.702,512,0.015262,1.0000
3849.354,512,0.015151,1.0000
3860.016,512,0.017247,1.0000
3870.691,512,0.014577,1.0000
3881.356,512,0.018001,1.0000
3892.019,512,0.016940,1.0000
3902.690,512,0.024493,1.0000
3913.370,512,0.019285,1.0000
3924.034,512,0.031222,1.0000
3934.692,512,0.019619,1.0000
3945.383,512,0.030773,1.0000
3956.082,512,0.019979,1.0000
3966.696,512,0.021314,1.0000
3977.379,512,0.026055,1.0000
3988.055,512,0.019107,1.0000
3998.684,512,0.021549,1.0000
4009.371,512,0.017331,1.0000
4020.103,512,0.038401,1.0000
4030.719,512,0.024339,1.0000
4041.373,512,0.023242,1.0000
4052.049,512,0.034598,1.0000
4062.788,512,0.028378,1.0000
4073.368,512,0.023770,1.0000
4084.030,512,0.020356,1.0000
4094.709,512,0.017480,1.0000
4105.443,512,0.021498,1.0000
4116.059,512,0.019929,1.0000
4126.748,512,0.021356,1.0000
4137.385,512,0.018906,1.0000
4148.042,512,0.018702,1.0000
4158.686,512,0.019785,1.0000
4169.391,512,0.086462,1.0000
4180.030,512,0.054443,1.0000
4190.692,512,0.083328,1.0000
4201.384,512,0.082300,1.0000
4212.018,512,0.068358,1.0000
4222.682,512,0.042312,1.0000
4233.346,512,0.059395,1.0000
4244.024,512,0.065277,1.0000
4254.707,512,0.089456,1.0000
4265.347,512,0.086761,1.0000
4276.046,512,0.089598,1.0000
4286.685,512,0.072788,1.0000
4297.383,512,0.069212,1.0000
4308.020,512,0.052599,1.0000
4318.674,512,0.049427,1.0000
4329.367,512,0.052640,1.0000
4340.018,512,0.058152,1.0000
4350.750,512,0.066647,1.0000
4361.417,512,0.098401,1.0000
4372.032,512,0.095732,1.0000
4382.699,512,0.104796,1.0000
4393.359,512,0.107866,1.0000
4404.015,512,0.113954,1.0000
4414.715,512,0.108116,1.0000
4425.360,512,0.103992,1.0000
4436.071,512,0.093445,1.0000
4446.756,512,0.097212,1.0000
4457.425,512,0.097532,1.0000
4468.010,512,0.105035,1.0000
4478.689,512,0.106598,1.0000
4489.432,512,0.102234,1.0000
4500.052,512,0.099053,1.0000
4510.686,512,0.096547,1.0000
4521.413,512,0.090212,1.0000
4532.035,512,0.093261,1.0000
4542.685,512,0.080166,1.0000
4553.327,512,0.061935,1.0000
4564.105,512,0.050529,1.0000
4574.706,512,0.049518,1.0000
4585.427,512,0.050224,1.0000
4596.105,512,0.046914,1.0000
4606.670,512,0.051592,1.0000
4617.352,512,0.041672,1.0000
4628.125,512,0.051963,1.0000
4638.742,512,0.058174,1.0000
4649.385,512,0.059496,1.0000
4660.064,512,0.070092,1.0000
4670.710,512,0.056970,1.0000
4681.365,512,0.058812,1.0000
4692.024,512,0.047101,1.0000
4702.695,512,0.037036,1.0000
4713.355,512,0.026269,1.0000
4723.983,512,0.013402,1.0000
4734.632,512,0.011767,1.0000
4745.353,512,0.009882,1.0000
4756.025,512,0.011317,1.0000
4766.728,512,0.010991,1.0000
4777.358,512,0.013281,1.0000
4788.035,512,0.010922,1.0000
4798.665,512,0.011770,1.0000
4809.328,512,0.024071,1.0000
4820.009,512,0.070060,1.0000
4830.668,512,0.053267,1.0000
4841.372,512,0.041523,1.0000
4852.015,512,0.050755,1.0000
4862.671,512,0.027582,1.0000
4873.361,512,0.035666,1.0000
4884.015,512,0.013106,1.0000
4894.675,512,0.025409,1.0000
4905.365,512,0.035093,1.0000
4916.012,512,0.033582,1.0000
4926.689,512,0.032426,1.0000
4937.354,512,0.023969,1.0000
4948.012,512,0.025451,1.0000
4958.673,512,0.035792,1.0000
4969.345,512,0.017568,1.0000
4980.066,512,0.063719,1.0000
4990.676,512,0.017138,1.0000
5001.359,512,0.042670,1.0000
5012.018,512,0.025112,1.0000
5022.655,512,0.040114,1.0000
5033.340,512,0.026894,1.0000
5044.002,512,0.014152,1.0000
5054.673,512,0.035641,1.0000
5065.316,512,0.029783,1.0000
5076.015,512,0.018545,1.0000
5086.696,512,0.024468,1.0000
5097.431,512,0.023444,1.0000
5108.016,512,0.027533,1.0000
5118.686,512,0.030910,1.0000
5129.354,512,0.029806,1.0000
5140.023,512,0.030757,1.0000
5150.681,512,0.027581,1.0000
5161.342,512,0.029830,1.0000
5172.015,512,0.028097,1.0000
5182.691,512,0.025243,1.0000
5193.344,512,0.024327,1.0000
5204.022,512,0.021894,1.0000
5214.679,512,0.021087,1.0000
5225.392,512,0.017298,1.0000
5236.036,512,0.016073,1.0000
5246.686,512,0.013312,1.0000
5257.339,512,0.012758,1.0000
5268.039,512,0.010322,1.0000
5278.707,512,0.010630,1.0000
5289.352,512,0.009132,1.0000
5299.997,512,0.008063,1.0000
5310.720,512,0.006599,1.0000
5321.346,512,0.007424,1.0000
5331.996,512,0.005935,1.0000
5342.682,512,0.009261,1.0000
5353.360,512,0.007855,1.0000
5364.056,512,0.006432,1.0000
5374.679,512,0.007246,1.0000
5385.350,512,0.008055,1.0000
5395.997,512,0.007786,1.0000
5406.666,512,0.008066,1.0000
5417.339,512,0.008598,1.0000
5428.010,512,0.008981,1.0000
5438.676,512,0.009622,1.0000
5449.335,512,0.009476,1.0000
5460.018,512,0.009983,1.0000
5470.690,512,0.009841,1.0000
5481.337,512,0.015510,1.0000
5492.000,512,0.016313,1.0000
5502.662,512,0.016260,1.0000
5513.338,512,0.014644,1.0000
5524.008,512,0.014074,1.0000
5534.682,512,0.012097,1.0000
5545.338,512,0.011093,1.0000
5555.996,512,0.013674,1.0000
5566.696,512,0.011565,1.0000
5577.327,512,0.011989,1.0000
5588.013,512,0.011288,1.0000
5598.663,512,0.011017,1.0000
5609.333,512,0.010373,1.0000
5620.009,512,0.010583,1.0000
5630.658,512,0.009903,1.0000
5641.367,512,0.011226,1.0000
5651.994,512,0.009504,1.0000
5662.652,512,0.010774,1.0000
5673.351,512,0.009630,1.0000
5683.999,512,0.010083,1.0000
5694.647,512,0.007368,1.0000
5705.348,512,0.032514,1.0000
5716.002,512,0.024135,1.0000
5726.651,512,0.024140,1.0000
5737.317,512,0.022222,1.0000
5747.987,512,0.027970,1.0000
5758.689,512,0.027445,1.0000
5769.323,512,0.027126,1.0000
5780.001,512,0.025075,1.0000
5790.663,512,0.023645,1.0000
5801.324,512,0.019508,1.0000
5812.008,512,0.022601,1.0000
5822.655,512,0.021789,1.0000
5833.310,512,0.024717,1.0000
5844.040,512,0.020657,1.0000
5854.654,512,0.023403,1.0000
5865.311,512,0.020268,1.0000
5875.996,512,0.021150,1.0000
5886.681,512,0.020006,1.0000
5897.302,512,0.021846,1.0000
5907.996,512,0.020176,1.0000
5918.644,512,0.019564,1.0000
5929.318,512,0.019572,1.0000
5939.974,512,0.020515,1.0000
5950.660,512,0.019980,1.0000
5961.315,512,0.018078,1.0000
5971.970,512,0.018220,1.0000
5982.657,512,0.018439,1.0000
5993.311,512,0.018870,1.0000
6003.977,512,0.017691,1.0000
6014.644,512,0.017401,1.0000
6025.311,512,0.017485,1.0000
6035.991,512,0.016615,1.0000
6046.662,512,0.014385,1.0000
6057.317,512,0.016257,1.0000
6067.979,512,0.013048,1.0000
6078.658,512,0.014941,1.0000
6089.306,512,0.012438,1.0000
6100.049,512,0.015619,1.0000
6110.655,512,0.014339,1.0000
6121.321,512,0.019373,1.0000
6131.978,512,0.016436,1.0000
6142.671,512,0.021541,1.0000
6153.391,512,0.020629,1.0000
6163.972,512,0.021006,1.0000
6174.660,512,0.019718,1.0000
6185.353,512,0.017783,1.0000
6195.988,512,0.018175,1.0000
6206.667,512,0.015866,1.0000
6217.315,512,0.013241,1.0000
6227.969,512,0.014264,1.0000
6238.638,512,0.012912,1.0000
6249.306,512,0.016505,1.0000
6260.092,512,0.014593,1.0000
6270.662,512,0.015898,1.0000
6281.308,512,0.013611,1.0000
6291.977,512,0.016055,1.0000
6302.636,512,0.013968,1.0000
6313.341,512,0.017023,1.0000
6324.055,512,0.014991,1.0000
6334.722,512,0.017328,1.0000
6345.330,512,0.018970,1.0000
6355.966,512,0.020315,1.0000
6366.639,512,0.018530,1.0000
6377.325,512,0.018132,1.0000
6388.058,512,0.016758,1.0000
6398.698,512,0.014171,1.0000
6409.310,512,0.015870,1.0000
6420.008,512,0.016602,1.0000
6430.648,512,0.015141,1.0000
6441.298,512,0.014273,1.0000
6451.980,512,0.012836,1.0000
6462.724,512,0.015277,1.0000
6473.296,512,0.013381,1.0000
6483.985,512,0.013500,1.0000
6494.650,512,0.010831,1.0000
6505.294,512,0.011558,1.0000
6515.970,512,0.010404,1.0000
6526.711,512,0.010872,1.0000
6537.335,512,0.009150,1.0000
6547.982,512,0.018871,1.0000
6558.654,512,0.021893,1.0000
6569.294,512,0.018705,1.0000
6579.976,512,0.018466,1.0000
6590.637,512,0.018855,1.0000
6601.344,512,0.017483,1.0000
6611.987,512,0.018676,1.0000
6622.648,512,0.017190,1.0000
6633.307,512,0.015655,1.0000
6643.972,512,0.015293,1.0000
6654.759,512,0.016362,1.0000
6665.426,512,0.013901,1.0000
6675.974,512,0.013178,1.0000
6686.652,512,0.012834,1.0000
6697.323,512,0.013011,1.0000
6707.974,512,0.010619,1.0000
6718.631,512,0.011389,1.0000
6729.315,512,0.009849,1.0000
6739.957,512,0.007300,1.0000
6750.632,512,0.012545,1.0000
6761.316,512,0.019441,1.0000
6771.963,512,0.025714,1.0000
6782.690,512,0.016573,1.0000
6793.423,512,0.019052,1.0000
6804.058,512,0.021734,1.0000
6814.632,512,0.026755,1.0000
6825.328,512,0.028287,1.0000
6835.958,512,0.027174,1.0000
6846.727,512,0.025216,1.0000
6857.325,512,0.021440,1.0000
6867.973,512,0.019623,1.0000
6878.655,512,0.023780,1.0000
6889.308,512,0.027474,1.0000
6900.049,512,0.029306,1.0000
6910.660,512,0.029253,1.0000
6921.362,512,0.026733,1.0000
6931.965,512,0.019203,1.0000
6942.641,512,0.016342,1.0000
6953.351,512,0.013034,1.0000
6963.985,512,0.014144,1.0000
6974.631,512,0.019291,1.0000
6985.394,512,0.019198,1.0000
6996.032,512,0.023019,1.0000
7006.641,512,0.021083,1.0000
7017.400,512,0.017555,1.0000
7027.982,512,0.014765,1.0000
7038.637,512,0.012423,1.0000
7049.312,512,0.011051,1.0000
7059.967,512,0.016135,1.0000
7070.629,512,0.014206,1.0000
7081.375,512,0.013759,1.0000
7091.967,512,0.015061,1.0000
7102.623,512,0.014210,1.0000
7113.289,512,0.013362,1.0000
7123.995,512,0.012841,1.0000
7134.624,512,0.008854,1.0000
7145.322,512,0.011382,1.0000
7155.964,512,0.009944,1.0000
7166.666,512,0.011179,1.0000
7177.306,512,0.011075,1.0000
7187.970,512,0.011886,1.0000
7198.712,512,0.015957,1.0000
7209.304,512,0.016688,1.0000
7219.988,512,0.015961,1.0000
7230.634,512,0.014988,1.0000
7241.288,512,0.013236,1.0000
7251.951,512,0.011178,1.0000
7262.622,512,0.011673,1.0000
7273.366,512,0.009535,1.0000
7283.955,512,0.011700,1.0000
7294.633,512,0.011247,1.0000
7305.296,512,0.009830,1.0000
7315.956,512,0.010496,1.0000
7326.616,512,0.010137,1.0000
7337.451,512,0.009002,1.0000
7348.075,512,0.009871,1.0000
7358.613,512,0.008502,1.0000
7369.288,512,0.009799,1.0000
7379.954,512,0.009329,1.0000
7390.645,512,0.007565,1.0000
7401.284,512,0.006707,1.0000
7412.024,512,0.030768,1.0000
7422.634,512,0.014467,1.0000
7433.287,512,0.017479,1.0000
7443.972,512,0.017647,1.0000
7454.617,512,0.026930,1.0000
7465.286,512,0.030322,1.0000
7475.972,512,0.031505,1.0000
7486.626,512,0.029371,1.0000
7497.306,512,0.024631,1.0000
7507.944,512,0.020681,1.0000
7518.622,512,0.020320,1.0000
7529.279,512,0.020611,1.0000
7539.954,512,0.028935,1.0000
7550.640,512,0.027165,1.0000
7561.275,512,0.029442,1.0000
7571.959,512,0.020447,1.0000
7582.614,512,0.015221,1.0000
7593.363,512,0.010827,1.0000
7604.028,512,0.008435,1.0000
7614.637,512,0.010766,1.0000
7625.274,512,0.017884,1.0000
7635.942,512,0.020009,1.0000
7646.617,512,0.021085,1.0000
7657.295,512,0.016694,1.0000
7667.941,512,0.015285,1.0000
7678.647,512,0.012483,1.0000
7689.284,512,0.012328,1.0000
7699.996,512,0.012326,1.0000
7710.646,512,0.013460,1.0000
7721.293,512,0.016031,1.0000
7731.950,512,0.016898,1.0000
7742.634,512,0.013355,1.0000
7753.278,512,0.014647,1.0000
7763.973,512,0.012746,1.0000
7774.618,512,0.010719,1.0000
7785.271,512,0.012447,1.0000
7795.959,512,0.010876,1.0000
7806.607,512,0.011819,1.0000
7817.266,512,0.011658,1.0000
7827.957,512,0.010790,1.0000
7838.612,512,0.014318,1.0000
7849.300,512,0.013751,1.0000
7859.979,512,0.015063,1.0000
7870.629,512,0.012570,1.0000
7881.282,512,0.012479,1.0000
7891.940,512,0.013420,1.0000
7902.604,512,0.012827,1.0000
7913.270,512,0.009862,1.0000
7923.972,512,0.013692,1.0000
7934.603,512,0.010050,1.0000
7945.267,512,0.009431,1.0000
7955.952,512,0.010406,1.0000
7966.614,512,0.008413,1.0000
7977.302,512,0.010600,1.0000
7987.955,512,0.009175,1.0000
7998.563,512,0.008453,1.0000
8009.277,512,0.010042,1.0000
8020.023,512,0.009739,1.0000
8030.598,512,0.009597,1.0000
8041.265,512,0.011414,1.0000
8051.951,512,0.015464,1.0000
8062.607,512,0.015932,1.0000
8073.292,512,0.016811,1.0000
8083.936,512,0.014724,1.0000
8094.630,512,0.040768,1.0000
8105.295,512,0.092011,1.0000
8115.941,512,0.076511,1.0000
8126.595,512,0.097027,1.0000
8137.322,512,0.113557,1.0000
8147.967,512,0.121446,1.0000
8158.634,512,0.132442,1.0000
8169.287,512,0.135753,1.0000
8179.976,512,0.127081,1.0000
8190.624,512,0.127686,1.0000
8201.295,512,0.104650,1.0000
8211.975,512,0.072822,1.0000
8222.631,512,0.052021,1.0000
8233.267,512,0.038375,1.0000
8243.936,512,0.044155,1.0000
8254.603,512,0.046645,1.0000
8265.264,512,0.073164,1.0000
8275.954,512,0.100264,1.0000
8286.592,512,0.117724,1.0000
8297.258,512,0.132233,1.0000
8307.933,512,0.122409,1.0000
8318.606,512,0.108688,1.0000
8329.283,512,0.117627,1.0000
8339.966,512,0.115796,1.0000
8350.607,512,0.125710,1.0000
8361.257,512,0.147674,1.0000
8371.954,512,0.144084,1.0000
8382.606,512,0.075160,1.0000
8393.295,512,0.064418,1.0000
8403.955,512,0.023235,1.0000
8414.604,512,0.016344,1.0000
8425.258,512,0.033595,1.0000
8435.934,512,0.057339,1.0000
8446.600,512,0.051838,1.0000
8457.259,512,0.070568,1.0000
8467.928,512,0.088245,1.0000
8478.624,512,0.097169,1.0000
8489.267,512,0.113238,1.0000
8499.920,512,0.108977,1.0000
8510.590,512,0.085384,1.0000
8521.274,512,0.054437,1.0000
8531.931,512,0.032549,1.0000
8542.595,512,0.028462,1.0000
8553.263,512,0.026521,1.0000
8563.923,512,0.026561,1.0000
8574.596,512,0.064631,1.0000
8585.291,512,0.042915,1.0000
8595.918,512,0.031644,1.0000
8606.595,512,0.031787,1.0000
8617.256,512,0.026963,1.0000
8627.933,512,0.028200,1.0000
8638.583,512,0.023883,1.0000
8649.250,512,0.019533,1.0000
8659.919,512,0.111662,1.0000
8670.589,512,0.122000,1.0000
8681.254,512,0.109170,1.0000
8691.932,512,0.090287,1.0000
8702.594,512,0.093525,1.0000
8713.294,512,0.081711,1.0000
8723.967,512,0.073740,1.0000
8734.651,512,0.096559,1.0000
8745.311,512,0.093586,1.0000
8755.934,512,0.058999,1.0000
8766.583,512,0.019957,1.0000
8777.280,512,0.010204,1.0000
8787.979,512,0.014913,1.0000
8798.587,512,0.064297,1.0000
8809.302,512,0.060490,1.0000
8819.928,512,0.033377,1.0000
8830.596,512,0.011654,1.0000
8841.248,512,0.036166,1.0000
8851.912,512,0.047547,1.0000
8862.582,512,0.041801,1.0000
8873.328,512,0.033076,1.0000
8883.915,512,0.038818,1.0000
8894.580,512,0.036773,1.0000
8905.323,512,0.026636,1.0000
8915.908,512,0.031609,1.0000
8926.595,512,0.042044,1.0000
8937.289,512,0.057142,1.0000
8947.910,512,0.055099,1.0000
8958.572,512,0.037349,1.0000
8969.313,512,0.020910,1.0000
8979.915,512,0.016807,1.0000
8990.600,512,0.009767,1.0000
9001.250,512,0.009191,1.0000
9011.925,512,0.010716,1.0000
9022.573,512,0.009773,1.0000
9033.241,512,0.009287,1.0000
9043.916,512,0.009995,1.0000
9054.574,512,0.008544,1.0000
9065.233,512,0.009518,1.0000
9075.931,512,0.008020,1.0000
9086.566,512,0.007475,1.0000
9097.231,512,0.008668,1.0000
9107.902,512,0.005985,1.0000
9118.574,512,0.021182,1.0000
9129.226,512,0.026257,1.0000
9139.902,512,0.015555,1.0000
9150.569,512,0.017393,1.0000
9161.320,512,0.024027,1.0000
9172.069,512,0.031457,1.0000
9182.588,512,0.031681,1.0000
9193.252,512,0.028234,1.0000
9203.923,512,0.028162,1.0000
9214.581,512,0.022584,1.0000
9225.242,512,0.018397,1.0000
9235.957,512,0.022071,1.0000
9246.598,512,0.025059,1.0000
9257.271,512,0.027683,1.0000
9267.938,512,0.026848,1.0000
9278.661,512,0.027928,1.0000
9289.254,512,0.029963,1.0000
9299.935,512,0.032361,1.0000
9310.634,512,0.040700,1.0000
9321.245,512,0.043832,1.0000
9331.926,512,0.049194,1.0000
9342.665,512,0.072740,1.0000
9353.293,512,0.081303,1.0000
9363.921,512,0.071240,1.0000
9374.583,512,0.069684,1.0000
9385.262,512,0.095592,1.0000
9395.970,512,0.126800,1.0000
9406.623,512,0.131163,1.0000
9417.247,512,0.134726,1.0000
9427.935,512,0.121088,1.0000
9438.641,512,0.124529,1.0000
9449.236,512,0.124070,1.0000
9459.918,512,0.133371,1.0000
9470.636,512,0.117414,1.0000
9481.227,512,0.121357,1.0000
9491.892,512,0.117724,1.0000
9502.563,512,0.112568,1.0000
9513.317,512,0.102344,1.0000
9523.922,512,0.107572,1.0000
9534.596,512,0.118704,1.0000
9545.288,512,0.134793,1.0000
9555.955,512,0.136117,1.0000
9566.599,512,0.135181,1.0000
9577.262,512,0.141282,1.0000
9587.961,512,0.137373,1.0000
9598.565,512,0.146122,1.0000
9609.227,512,0.133828,1.0000
9619.904,512,0.147012,1.0000
9630.621,512,0.152203,1.0000
9641.233,512,0.128328,1.0000
9651.888,512,0.139811,1.0000
9662.545,512,0.115749,1.0000
9673.218,512,0.097161,1.0000
9683.881,512,0.084270,1.0000
9694.553,512,0.061679,1.0000
9705.218,512,0.046424,1.0000
9715.887,512,0.043312,1.0000
9726.583,512,0.040325,1.0000
9737.276,512,0.050578,1.0000
9747.893,512,0.042684,1.0000
9758.569,512,0.048385,1.0000
9769.236,512,0.062586,1.0000
9779.896,512,0.060942,1.0000
9790.574,512,0.051482,1.0000
9801.237,512,0.076764,1.0000
9811.905,512,0.118599,1.0000
9822.569,512,0.123956,1.0000
9833.218,512,0.120613,1.0000
9843.953,512,0.116941,1.0000
9854.579,512,0.126067,1.0000
9865.214,512,0.116564,1.0000
9875.902,512,0.107479,1.0000
9886.574,512,0.097834,1.0000
9897.214,512,0.097206,1.0000
9907.882,512,0.088726,1.0000
9918.553,512,0.093414,1.0000
9929.287,512,0.095667,1.0000
9939.905,512,0.105102,1.0000
9950.560,512,0.112846,1.0000
9961.223,512,0.117218,1.0000
9971.887,512,0.121590,1.0000
9982.551,512,0.122611,1.0000
9993.249,512,0.116070,1.0000
10003.891,512,0.122155,1.0000
10014.556,512,0.113862,1.0000
10025.266,512,0.111619,1.0000
10035.892,512,0.115808,1.0000
10046.601,512,0.110062,1.0000
10057.240,512,0.073725,1.0000
10067.884,512,0.058449,1.0000
10078.558,512,0.037975,1.0000
10089.237,512,0.011954,1.0000
10099.879,512,0.019747,1.0000
10110.648,512,0.013140,1.0000
10121.275,512,0.034373,1.0000
10131.884,512,0.044696,1.0000
10142.560,512,0.090107,1.0000
10153.323,512,0.074642,1.0000
10163.887,512,0.075998,1.0000
10174.560,512,0.074257,1.0000
10185.223,512,0.072931,1.0000
10195.888,512,0.075718,1.0000
10206.555,512,0.070890,1.0000
10217.208,512,0.061002,1.0000
10227.934,512,0.063669,1.0000
10238.567,512,0.051018,1.0000
10249.215,512,0.048096,1.0000
10259.926,512,0.029892,1.0000
10270.555,512,0.030352,1.0000
10281.224,512,0.046914,1.0000
10291.887,512,0.052441,1.0000
10302.605,512,0.039534,1.0000
10313.259,512,0.032421,1.0000
10323.924,512,0.028229,1.0000
10334.566,512,0.024303,1.0000
10345.238,512,0.020238,1.0000
10355.931,512,0.015354,1.0000
10366.557,512,0.030484,1.0000
10377.225,512,0.040656,1.0000
10387.905,512,0.033106,1.0000
10398.595,512,0.032719,1.0000
10409.231,512,0.033653,1.0000
10419.880,512,0.032284,1.0000
10430.548,512,0.036029,1.0000
10441.249,512,0.021260,1.0000
10451.945,512,0.029060,1.0000
10462.547,512,0.027654,1.0000
10473.237,512,0.023426,1.0000
10483.872,512,0.029462,1.0000
10494.631,512,0.029471,1.0000
10505.245,512,0.047161,1.0000
10515.950,512,0.028502,1.0000
10526.579,512,0.023462,1.0000
10537.311,512,0.011505,1.0000
10547.879,512,0.012025,1.0000
10558.539,512,0.012724,1.0000
10569.206,512,0.011933,1.0000
10579.869,512,0.012927,1.0000
10590.624,512,0.011732,1.0000
10601.279,512,0.012149,1.0000
10611.866,512,0.012633,1.0000
10622.540,512,0.015217,1.0000
10633.246,512,0.015982,1.0000
10643.867,512,0.016656,1.0000
10654.555,512,0.016904,1.0000
10665.257,512,0.013273,1.0000
10675.874,512,0.013736,1.0000
10686.553,512,0.011336,1.0000
10697.290,512,0.013294,1.0000
10707.905,512,0.009414,1.0000
10718.529,512,0.013260,1.0000
10729.203,512,0.009641,1.0000
10739.871,512,0.012068,1.0000
10750.520,512,0.010186,1.0000
10761.222,512,0.010884,1.0000
10771.923,512,0.010005,1.0000
10782.535,512,0.010936,1.0000
10793.187,512,0.008865,1.0000
10803.946,512,0.010385,1.0000
10814.525,512,0.007961,1.0000
10825.213,512,0.009773,1.0000
10835.856,512,0.026922,1.0000
10846.613,512,0.025541,1.0000
10857.214,512,0.082102,1.0000
10867.852,512,0.111847,1.0000
10878.523,512,0.147068,1.0000
10889.250,512,0.152893,1.0000
10899.857,512,0.141004,1.0000
10910.623,512,0.148988,1.0000
10921.181,512,0.099119,1.0000
10931.853,512,0.080588,1.0000
10942.519,512,0.150598,1.0000
10953.190,512,0.147965,1.0000
10963.874,512,0.150155,1.0000
10974.551,512,0.145333,1.0000
10985.232,512,0.154263,1.0000
10995.900,512,0.149602,1.0000
11006.531,512,0.146221,1.0000
11017.179,512,0.164447,1.0000
11027.852,512,0.165633,1.0000
11038.524,512,0.155519,1.0000
11049.192,512,0.161187,1.0000
11059.849,512,0.159838,1.0000
11070.510,512,0.107642,1.0000
11081.189,512,0.084538,1.0000
11091.852,512,0.094886,1.0000
11102.517,512,0.104706,1.0000
11113.246,512,0.116284,1.0000
11123.860,512,0.128234,1.0000
11134.509,512,0.142085,1.0000
11145.184,512,0.141869,1.0000
11155.845,512,0.149566,1.0000
11166.507,512,0.141621,1.0000
11177.216,512,0.167419,1.0000
11187.874,512,0.137476,1.0000
11198.501,512,0.107626,1.0000
11209.245,512,0.084711,1.0000
11219.936,512,0.042348,1.0000
11230.551,512,0.035998,1.0000
11241.168,512,0.013239,1.0000
11251.834,512,0.010430,1.0000
11262.514,512,0.010327,1.0000
11273.175,512,0.058994,1.0000
11283.832,512,0.077443,1.0000
11294.605,512,0.037080,1.0000
11305.196,512,0.046532,1.0000
11315.833,512,0.117611,1.0000
11326.519,512,0.084182,1.0000
11337.188,512,0.054828,1.0000
11347.840,512,0.013474,1.0000
11358.500,512,0.010801,1.0000
11369.159,512,0.009431,1.0000
11379.903,512,0.011185,1.0000
11390.504,512,0.008686,1.0000
11401.177,512,0.011016,1.0000
11411.866,512,0.060396,1.0000
11422.516,512,0.071989,1.0000
11433.159,512,0.103616,1.0000
11443.836,512,0.114457,1.0000
11454.500,512,0.121536,1.0000
11465.166,512,0.120498,1.0000
11475.841,512,0.113079,1.0000
11486.516,512,0.112102,1.0000
11497.189,512,0.113256,1.0000
11507.854,512,0.117353,1.0000
11518.498,512,0.122368,1.0000
11529.150,512,0.091423,1.0000
11539.839,512,0.112596,1.0000
11550.489,512,0.104234,1.0000
11561.195,512,0.056738,1.0000
11571.859,512,0.017876,1.0000
11582.491,512,0.021216,1.0000
11593.158,512,0.053523,1.0000
11603.820,512,0.059095,1.0000
11614.483,512,0.079278,1.0000
11625.151,512,0.076300,1.0000
11635.832,512,0.061207,1.0000
11646.498,512,0.036814,1.0000
11657.167,512,0.064859,1.0000
11667.827,512,0.095096,1.0000
11678.480,512,0.093726,1.0000
11689.187,512,0.097212,1.0000
11699.839,512,0.097724,1.0000
11710.477,512,0.104598,1.0000
11721.157,512,0.111663,1.0000
11731.841,512,0.101985,1.0000
11742.482,512,0.095021,1.0000
11753.144,512,0.081104,1.0000
11763.847,512,0.052827,1.0000
11774.499,512,0.047973,1.0000
11785.152,512,0.048642,1.0000
11795.841,512,0.013282,1.0000
11806.495,512,0.017953,1.0000
11817.179,512,0.009710,1.0000
11827.817,512,0.032553,1.0000
11838.484,512,0.049400,1.0000
11849.253,512,0.079900,1.0000
11859.820,512,0.082153,1.0000
11870.518,512,0.086406,1.0000
11881.145,512,0.069242,1.0000
11891.812,512,0.028713,1.0000
11902.476,512,0.021766,1.0000
11913.211,512,0.023371,1.0000
11923.821,512,0.018205,1.0000
11934.487,512,0.022820,1.0000
11945.181,512,0.026285,1.0000
11955.874,512,0.025425,1.0000
11966.476,512,0.026697,1.0000
11977.151,512,0.025438,1.0000
11987.823,512,0.024591,1.0000
11998.484,512,0.020797,1.0000
12009.179,512,0.050531,1.0000
12019.819,512,0.055916,1.0000
12030.474,512,0.127851,1.0000
12041.137,512,0.124693,1.0000
12051.805,512,0.109161,1.0000
12062.496,512,0.099779,1.0000
12073.156,512,0.099232,1.0000
12083.846,512,0.097851,1.0000
12094.471,512,0.100926,1.0000
12105.191,512,0.103282,1.0000
12115.812,512,0.104487,1.0000
12126.477,512,0.104161,1.0000
12137.152,512,0.107315,1.0000
12147.840,512,0.111746,1.0000
12158.485,512,0.111138,1.0000
12169.249,512,0.044507,1.0000
12179.840,512,0.020158,1.0000
12190.498,512,0.049534,1.0000
12201.162,512,0.076333,1.0000
12211.839,512,0.089581,1.0000
12222.484,512,0.090484,1.0000
12233.144,512,0.086787,1.0000
12243.954,512,0.067313,1.0000
12254.489,512,0.078991,1.0000
12265.161,512,0.078995,1.0000
12275.806,512,0.073078,1.0000
12286.471,512,0.056480,1.0000
12297.128,512,0.063425,1.0000
12307.818,512,0.058065,1.0000
12318.464,512,0.057861,1.0000
12329.134,512,0.053700,1.0000
12339.882,512,0.039697,1.0000
12350.484,512,0.033890,1.0000
12361.135,512,0.029275,1.0000
12371.816,512,0.027460,1.0000
12382.508,512,0.025294,1.0000
12393.210,512,0.020912,1.0000
12403.823,512,0.029411,1.0000
12414.483,512,0.052922,1.0000
12425.146,512,0.095255,1.0000
12435.812,512,0.100432,1.0000
12446.522,512,0.104494,1.0000
12457.152,512,0.119971,1.0000
12467.809,512,0.110005,1.0000
12478.459,512,0.096860,1.0000
12489.136,512,0.112643,1.0000
12499.801,512,0.112106,1.0000
12510.508,512,0.110658,1.0000
12521.154,512,0.128222,1.0000
12531.795,512,0.135961,1.0000
12542.453,512,0.124550,1.0000
12553.133,512,0.062880,1.0000
12563.820,512,0.033718,1.0000
12574.463,512,0.021366,1.0000
12585.131,512,0.022532,1.0000
12595.818,512,0.058876,1.0000
12606.461,512,0.133176,1.0000
12617.118,512,0.129940,1.0000
12627.788,512,0.125067,1.0000
12638.480,512,0.130370,1.0000
12649.131,512,0.115084,1.0000
12659.799,512,0.118713,1.0000
12670.457,512,0.103937,1.0000
12681.140,512,0.062379,1.0000
12691.784,512,0.038440,1.0000
12702.446,512,0.021001,1.0000
12713.125,512,0.012524,1.0000
12723.811,512,0.012861,1.0000
12734.463,512,0.068559,1.0000
12745.119,512,0.099017,1.0000
12755.816,512,0.100507,1.0000
12766.498,512,0.080933,1.0000
12777.128,512,0.081751,1.0000
12787.835,512,0.079083,1.0000
12798.460,512,0.089899,1.0000
12809.208,512,0.074741,1.0000
12819.786,512,0.077770,1.0000
12830.438,512,0.079012,1.0000
12841.106,512,0.063765,1.0000
12851.772,512,0.063360,1.0000
12862.435,512,0.062458,1.0000
12873.211,512,0.056759,1.0000
12883.867,512,0.057240,1.0000
12894.448,512,0.057536,1.0000
12905.130,512,0.051620,1.0000
12915.774,512,0.052697,1.0000
12926.437,512,0.060404,1.0000
12937.113,512,0.056706,1.0000
12947.851,512,0.058836,1.0000
12958.526,512,0.068545,1.0000
12969.103,512,0.065656,1.0000
12979.774,512,0.054817,1.0000
12990.436,512,0.066066,1.0000
13001.108,512,0.057961,1.0000
13011.780,512,0.040149,1.0000
13022.552,512,0.032766,1.0000
13033.163,512,0.024773,1.0000
13043.807,512,0.047796,1.0000
13054.441,512,0.054370,1.0000
13065.128,512,0.081073,1.0000
13075.772,512,0.056384,1.0000
13086.453,512,0.055748,1.0000
13097.098,512,0.052787,1.0000
13107.777,512,0.051926,1.0000
13118.428,512,0.050849,1.0000
13129.105,512,0.032512,1.0000
13139.778,512,0.020604,1.0000
13150.450,512,0.043108,1.0000
13161.101,512,0.087883,1.0000
13171.774,512,0.086968,1.0000
13182.436,512,0.087645,1.0000
13193.125,512,0.081659,1.0000
13203.770,512,0.082131,1.0000
13214.437,512,0.083365,1.0000
13225.097,512,0.076463,1.0000
13235.765,512,0.072705,1.0000
13246.496,512,0.077390,1.0000
13257.177,512,0.065611,1.0000
13267.763,512,0.063521,1.0000
13278.435,512,0.060359,1.0000
13289.119,512,0.045409,1.0000
13299.839,512,0.059346,1.0000
13310.516,512,0.026933,1.0000
13321.111,512,0.041891,1.0000
13331.758,512,0.044091,1.0000
13342.429,512,0.018302,1.0000
13353.164,512,0.030858,1.0000
13363.871,512,0.014853,1.0000
13374.441,512,0.020755,1.0000
13385.101,512,0.017605,1.0000
13395.751,512,0.009975,1.0000
13406.444,512,0.014170,1.0000
13417.110,512,0.015517,1.0000
13427.760,512,0.009664,1.0000
13438.429,512,0.012256,1.0000
13449.088,512,0.009378,1.0000
13459.758,512,0.012771,1.0000
13470.411,512,0.033506,1.0000
13481.088,512,0.048198,1.0000
13491.754,512,0.059237,1.0000
13502.415,512,0.054969,1.0000
13513.087,512,0.059745,1.0000
13523.765,512,0.049783,1.0000
13534.422,512,0.049323,1.0000
13545.180,512,0.036830,1.0000
13555.768,512,0.024429,1.0000
13566.455,512,0.012021,1.0000
13577.133,512,0.004333,1.0000
13587.777,512,0.003343,1.0000
13598.452,512,0.002181,1.0000
13609.125,512,0.002282,1.0000
13619.772,512,0.025071,1.0000
13630.429,512,0.024000,1.0000
13641.102,512,0.010887,1.0000
13651.754,512,0.020085,1.0000
13662.414,512,0.025240,1.0000
13673.162,512,0.027349,1.0000
13683.772,512,0.028635,1.0000
13694.436,512,0.026646,1.0000
13705.084,512,0.024930,1.0000
13715.752,512,0.021340,1.0000
13726.416,512,0.018651,1.0000
13737.172,512,0.021738,1.0000
13747.762,512,0.020396,1.0000
13758.431,512,0.022792,1.0000
13769.115,512,0.020979,1.0000
13779.758,512,0.022153,1.0000
13790.512,512,0.022329,1.0000
13801.076,512,0.021673,1.0000
13811.778,512,0.022954,1.0000
13822.477,512,0.019569,1.0000
13833.093,512,0.022603,1.0000
13843.768,512,0.018396,1.0000
13854.469,512,0.020010,1.0000
13865.153,512,0.016527,1.0000
13875.757,512,0.022773,1.0000
13886.421,512,0.058965,1.0000
13897.095,512,0.113986,1.0000
13907.766,512,0.101069,1.0000
13918.405,512,0.047655,1.0000
13929.136,512,0.010031,1.0000
13939.749,512,0.009431,1.0000
13950.405,512,0.008779,1.0000
13961.172,512,0.023106,1.0000
13971.791,512,0.027798,1.0000
13982.416,512,0.024061,1.0000
13993.093,512,0.056598,1.0000
14003.855,512,0.177834,1.0000
14014.425,512,0.174317,1.0000
14025.144,512,0.173821,1.0000
14035.753,512,0.168772,1.0000
14046.448,512,0.134631,1.0000
14057.095,512,0.091459,1.0000
14067.732,512,0.071648,1.0000
14078.453,512,0.061678,1.0000
14089.134,512,0.059346,1.0000
14099.741,512,0.057266,1.0000
14110.429,512,0.072703,1.0000
14121.077,512,0.031979,1.0000
14131.796,512,0.017033,1.0000
14142.423,512,0.009084,1.0000
14153.080,512,0.011309,1.0000
14163.761,512,0.008355,1.0000
14174.425,512,0.011400,1.0000
14185.096,512,0.018177,1.0000
14195.761,512,0.140198,1.0000
14206.415,512,0.163203,1.0000
14217.126,512,0.153822,1.0000
14227.760,512,0.110108,1.0000
14238.453,512,0.082091,1.0000
14249.083,512,0.087264,1.0000
14259.768,512,0.090042,1.0000
14270.442,512,0.089441,1.0000
14281.092,512,0.063271,1.0000
14291.748,512,0.046177,1.0000
14302.408,512,0.030261,1.0000
14313.121,512,0.027750,1.0000
14323.744,512,0.028149,1.0000